URL,Último rastreo
https://www.yogayterapiasarunachala.es/taller-de-ceramica/,2026-04-26
https://www.yogayterapiasarunachala.es/drenaje-linfatico-manual/?share=twitter&nb=1,2026-04-25
https://www.yogayterapiasarunachala.es/wp-admin/*/,2026-04-25
https://www.yogayterapiasarunachala.es/drenaje-linfatico-manual/?share=facebook&nb=1,2026-04-25
https://www.yogayterapiasarunachala.es/yoga-suave/,2026-04-23
https://www.yogayterapiasarunachala.es/reflexologia-podal/,2026-04-21
https://www.yogayterapiasarunachala.es/ubicacion/?share=facebook&nb=1,2026-04-17
https://www.yogayterapiasarunachala.es/?lng=en,2026-04-14
https://www.yogayterapiasarunachala.es/taller-cocina-festiva/,2026-04-12
https://www.yogayterapiasarunachala.es/conferencias-y-talleres/,2026-04-11
https://www.yogayterapiasarunachala.es/actividades/,2026-04-10
https://www.yogayterapiasarunachala.es/ubicacion/,2026-04-07
https://www.yogayterapiasarunachala.es/blog/el-simbolismo-de-los-animales-en-la-mitologia-vedica-y-el-yoga/,2026-04-07
https://www.yogayterapiasarunachala.es/blog/drenaje-linfatico-manual-beneficios-y-guia-terapeutica/,2026-04-07
https://www.yogayterapiasarunachala.es/horarios/?share=twitter&nb=1,2026-04-06
https://www.yogayterapiasarunachala.es/horarios/?share=facebook&nb=1,2026-04-06
https://www.yogayterapiasarunachala.es/horarios/,2026-04-06
https://www.yogayterapiasarunachala.es/yoga-embarazo/,2026-04-03
https://www.yogayterapiasarunachala.es/yoga-crianza/,2026-04-03
https://www.yogayterapiasarunachala.es/masajes-y-terapias/,2026-04-03
https://www.yogayterapiasarunachala.es/tecnica-metamorfica/,2026-03-27
https://www.yogayterapiasarunachala.es/kirtan-conferencia/,2026-03-25
https://www.yogayterapiasarunachala.es/masaje-terapeutico/,2026-03-24
https://www.yogayterapiasarunachala.es/contacto/,2026-03-24
https://www.yogayterapiasarunachala.es/blog/alineamiento-y-ajustes-en-yoga-el-arte-de-habitar-tu-cuerpo-con-conciencia,2026-03-23
https://www.yogayterapiasarunachala.es/blog,2026-03-22
https://www.yogayterapiasarunachala.es/blog/masaje-para-dolores-de-cabeza-tensionales-alivio-y-bienestar-integral,2026-03-22
https://www.yogayterapiasarunachala.es/clases-de-yoga,2026-03-22
https://www.yogayterapiasarunachala.es/terapias-y-masajes,2026-03-22
https://www.yogayterapiasarunachala.es/blog/yoga-nidra-profunda-relajacion-para-el-bienestar,2026-03-22
https://www.yogayterapiasarunachala.es/circulo-taller-entre-mujeres/,2026-03-21